"Mnozstvi","Rok","Doprava","Latka","Jednotka"
4811.040417450683,"1993","individualni_automobilova","CO2","kt"
5623.350847356358,"1994","individualni_automobilova","CO2","kt"
5711.777650372057,"1995","individualni_automobilova","CO2","kt"
6262.645763583215,"1996","individualni_automobilova","CO2","kt"
6363.511286973117,"1997","individualni_automobilova","CO2","kt"
6790.250639721052,"1998","individualni_automobilova","CO2","kt"
7268.461017809299,"1999","individualni_automobilova","CO2","kt"
7391.258598828585,"2000","individualni_automobilova","CO2","kt"
7807.091365845713,"2001","individualni_automobilova","CO2","kt"
8294.555686340791,"2002","individualni_automobilova","CO2","kt"
9596.045294930615,"2003","individualni_automobilova","CO2","kt"
9996.727365429802,"2004","individualni_automobilova","CO2","kt"
10578.776441273672,"2005","individualni_automobilova","CO2","kt"
10822.149133588618,"2006","individualni_automobilova","CO2","kt"
11544.630325398086,"2007","individualni_automobilova","CO2","kt"
11365.232066182602,"2008","individualni_automobilova","CO2","kt"
11294.560651472546,"2009","individualni_automobilova","CO2","kt"
10761.264922190538,"2010","individualni_automobilova","CO2","kt"
10886.51353523292,"2011","individualni_automobilova","CO2","kt"
10621.907703956487,"2012","individualni_automobilova","CO2","kt"
10690.251657607563,"2013","individualni_automobilova","CO2","kt"
10978.008654113806,"2014","individualni_automobilova","CO2","kt"
11460.574212158286,"2015","individualni_automobilova","CO2","kt"
12068.301691162524,"2016","individualni_automobilova","CO2","kt"
12419.772342642826,"2017","individualni_automobilova","CO2","kt"
12751.486477785664,"2018","individualni_automobilova","CO2","kt"
1564.9186251744109,"1993","verejna_silnicni_autobusy","CO2","kt"
1440.9018592716561,"1994","verejna_silnicni_autobusy","CO2","kt"
1106.2428199859914,"1995","verejna_silnicni_autobusy","CO2","kt"
910.8322396919601,"1996","verejna_silnicni_autobusy","CO2","kt"
797.6666830951759,"1997","verejna_silnicni_autobusy","CO2","kt"
942.6850838807775,"1998","verejna_silnicni_autobusy","CO2","kt"
838.5714899382994,"1999","verejna_silnicni_autobusy","CO2","kt"
813.7870756949561,"2000","verejna_silnicni_autobusy","CO2","kt"
850.2471197821819,"2001","verejna_silnicni_autobusy","CO2","kt"
827.6876422569051,"2002","verejna_silnicni_autobusy","CO2","kt"
842.0205845731181,"2003","verejna_silnicni_autobusy","CO2","kt"
822.622990332724,"2004","verejna_silnicni_autobusy","CO2","kt"
875.7273231271478,"2005","verejna_silnicni_autobusy","CO2","kt"
863.619235067451,"2006","verejna_silnicni_autobusy","CO2","kt"
883.5458021908863,"2007","verejna_silnicni_autobusy","CO2","kt"
940.4374300125562,"2008","verejna_silnicni_autobusy","CO2","kt"
966.960328035068,"2009","verejna_silnicni_autobusy","CO2","kt"
982.6159525897081,"2010","verejna_silnicni_autobusy","CO2","kt"
999.2870492269725,"2011","verejna_silnicni_autobusy","CO2","kt"
1013.2527210882206,"2012","verejna_silnicni_autobusy","CO2","kt"
946.7279419725309,"2013","verejna_silnicni_autobusy","CO2","kt"
1076.5377159544241,"2014","verejna_silnicni_autobusy","CO2","kt"
1033.0672349343592,"2015","verejna_silnicni_autobusy","CO2","kt"
1018.5307432912379,"2016","verejna_silnicni_autobusy","CO2","kt"
989.3893306909223,"2017","verejna_silnicni_autobusy","CO2","kt"
904.2126627173601,"2018","verejna_silnicni_autobusy","CO2","kt"
2941.44463766579,"1993","silnicni_nakladni","CO2","kt"
3142.9553596161304,"1994","silnicni_nakladni","CO2","kt"
2659.7465990673404,"1995","silnicni_nakladni","CO2","kt"
2527.1929989223167,"1996","silnicni_nakladni","CO2","kt"
2511.0456491592986,"1997","silnicni_nakladni","CO2","kt"
3157.7308962683055,"1998","silnicni_nakladni","CO2","kt"
3150.7600324062582,"1999","silnicni_nakladni","CO2","kt"
3261.6246455594674,"2000","silnicni_nakladni","CO2","kt"
3614.8313694959675,"2001","silnicni_nakladni","CO2","kt"
3808.71959208285,"2002","silnicni_nakladni","CO2","kt"
4268.20423458638,"2003","silnicni_nakladni","CO2","kt"
4566.162631575323,"2004","silnicni_nakladni","CO2","kt"
5185.029722830946,"2005","silnicni_nakladni","CO2","kt"
5323.798282608093,"2006","silnicni_nakladni","CO2","kt"
5493.378801467241,"2007","silnicni_nakladni","CO2","kt"
5631.027285013847,"2008","silnicni_nakladni","CO2","kt"
5351.649964811633,"2009","silnicni_nakladni","CO2","kt"
4997.343219691537,"2010","silnicni_nakladni","CO2","kt"
4912.970075666254,"2011","silnicni_nakladni","CO2","kt"
4882.380934277916,"2012","silnicni_nakladni","CO2","kt"
4789.512774130578,"2013","silnicni_nakladni","CO2","kt"
5020.462732498334,"2014","silnicni_nakladni","CO2","kt"
5318.62701698546,"2015","silnicni_nakladni","CO2","kt"
5582.501867165538,"2016","silnicni_nakladni","CO2","kt"
5669.390931875515,"2017","silnicni_nakladni","CO2","kt"
5601.058882549901,"2018","silnicni_nakladni","CO2","kt"
168.05635476314936,"1993","motocykly","CO2","kt"
190.68581646028062,"1994","motocykly","CO2","kt"
190.06394113600322,"1995","motocykly","CO2","kt"
203.25408182698828,"1996","motocykly","CO2","kt"
196.45482718755292,"1997","motocykly","CO2","kt"
185.15040403445852,"1998","motocykly","CO2","kt"
172.1883461701003,"1999","motocykly","CO2","kt"
160.16212664036246,"2000","motocykly","CO2","kt"
160.2806018223184,"2001","motocykly","CO2","kt"
153.7997037770695,"2002","motocykly","CO2","kt"
157.9625076470206,"2003","motocykly","CO2","kt"
146.59699668745859,"2004","motocykly","CO2","kt"
123.50422317025917,"2005","motocykly","CO2","kt"
117.03309900379608,"2006","motocykly","CO2","kt"
129.179219902973,"2007","motocykly","CO2","kt"
138.48886917510137,"2008","motocykly","CO2","kt"
144.80484005472715,"2009","motocykly","CO2","kt"
128.09589497087057,"2010","motocykly","CO2","kt"
127.86846903029591,"2011","motocykly","CO2","kt"
121.63837242843988,"2012","motocykly","CO2","kt"
105.63695353129724,"2013","motocykly","CO2","kt"
84.48578595191991,"2014","motocykly","CO2","kt"
64.88536910557937,"2015","motocykly","CO2","kt"
52.399077964605155,"2016","motocykly","CO2","kt"
45.79080409539326,"2017","motocykly","CO2","kt"
39.78174986486424,"2018","motocykly","CO2","kt"
415.2564,"1993","zeleznicni_motorova_trakce","CO2","kt"
334.7097,"1994","zeleznicni_motorova_trakce","CO2","kt"
333.8946,"1995","zeleznicni_motorova_trakce","CO2","kt"
329.2263,"1996","zeleznicni_motorova_trakce","CO2","kt"
283.062,"1997","zeleznicni_motorova_trakce","CO2","kt"
356.3257815,"1998","zeleznicni_motorova_trakce","CO2","kt"
332.118423,"1999","zeleznicni_motorova_trakce","CO2","kt"
328.9939224,"2000","zeleznicni_motorova_trakce","CO2","kt"
301.308384,"2001","zeleznicni_motorova_trakce","CO2","kt"
292.128876,"2002","zeleznicni_motorova_trakce","CO2","kt"
285.8383788,"2003","zeleznicni_motorova_trakce","CO2","kt"
282.3538263,"2004","zeleznicni_motorova_trakce","CO2","kt"
286.4713068,"2005","zeleznicni_motorova_trakce","CO2","kt"
305.8020522,"2006","zeleznicni_motorova_trakce","CO2","kt"
302.1808855,"2007","zeleznicni_motorova_trakce","CO2","kt"
334.8476733,"2008","zeleznicni_motorova_trakce","CO2","kt"
303.8614019,"2009","zeleznicni_motorova_trakce","CO2","kt"
294.8769658,"2010","zeleznicni_motorova_trakce","CO2","kt"
288.1162491,"2011","zeleznicni_motorova_trakce","CO2","kt"
278.3957522,"2012","zeleznicni_motorova_trakce","CO2","kt"
272.090512,"2013","zeleznicni_motorova_trakce","CO2","kt"
278.138454,"2014","zeleznicni_motorova_trakce","CO2","kt"
271.3808695,"2015","zeleznicni_motorova_trakce","CO2","kt"
274.5126447,"2016","zeleznicni_motorova_trakce","CO2","kt"
278.5760917024,"2017","zeleznicni_motorova_trakce","CO2","kt"
284.8894117024,"2018","zeleznicni_motorova_trakce","CO2","kt"
54.3153,"1993","vodni","CO2","kt"
53.5002,"1994","vodni","CO2","kt"
55.2045,"1995","vodni","CO2","kt"
45.942,"1996","vodni","CO2","kt"
38.532,"1997","vodni","CO2","kt"
37.839906,"1998","vodni","CO2","kt"
22.1412282,"1999","vodni","CO2","kt"
15.8170155,"2000","vodni","CO2","kt"
24.850176,"2001","vodni","CO2","kt"
12.431016,"2002","vodni","CO2","kt"
12.4277556,"2003","vodni","CO2","kt"
18.6167358,"2004","vodni","CO2","kt"
15.4976445,"2005","vodni","CO2","kt"
19.0195434,"2006","vodni","CO2","kt"
15.8385045,"2007","vodni","CO2","kt"
12.706668,"2008","vodni","CO2","kt"
15.922608,"2009","vodni","CO2","kt"
12.7561668,"2010","vodni","CO2","kt"
9.5555655,"2011","vodni","CO2","kt"
15.915939,"2012","vodni","CO2","kt"
6.3669684,"2013","vodni","CO2","kt"
9.5568993,"2014","vodni","CO2","kt"
9.5462289,"2015","vodni","CO2","kt"
12.7324548,"2016","vodni","CO2","kt"
12.62664,"2017","vodni","CO2","kt"
9.46998,"2018","vodni","CO2","kt"
437.812414,"1993","letecka","CO2","kt"
537.273607,"1994","letecka","CO2","kt"
571.41123,"1995","letecka","CO2","kt"
434.616572,"1996","letecka","CO2","kt"
493.213452,"1997","letecka","CO2","kt"
581.0635,"1998","letecka","CO2","kt"
550.31,"1999","letecka","CO2","kt"
593.37,"2000","letecka","CO2","kt"
633.473,"2001","letecka","CO2","kt"
550.882,"2002","letecka","CO2","kt"
737.55273,"2003","letecka","CO2","kt"
945.6028,"2004","letecka","CO2","kt"
979.2456,"2005","letecka","CO2","kt"
1015.40315,"2006","letecka","CO2","kt"
1064.9312,"2007","letecka","CO2","kt"
1126.82875,"2008","letecka","CO2","kt"
1030.8972,"2009","letecka","CO2","kt"
965.8751,"2010","letecka","CO2","kt"
953.4862,"2011","letecka","CO2","kt"
891.57945,"2012","letecka","CO2","kt"
860.57705,"2013","letecka","CO2","kt"
882.77065,"2014","letecka","CO2","kt"
897.70495,"2015","letecka","CO2","kt"
957.3717,"2016","letecka","CO2","kt"
1083.49055,"2017","letecka","CO2","kt"
1247.5759,"2018","letecka","CO2","kt"
185.0842721030079,"1993","individualni_automobilova","N2O","t"
260.6308833381367,"1994","individualni_automobilova","N2O","t"
327.39066995264903,"1995","individualni_automobilova","N2O","t"
393.1050287448027,"1996","individualni_automobilova","N2O","t"
421.4752221422332,"1997","individualni_automobilova","N2O","t"
465.73019133537326,"1998","individualni_automobilova","N2O","t"
544.7552322667385,"1999","individualni_automobilova","N2O","t"
565.8088864507721,"2000","individualni_automobilova","N2O","t"
357.0634949673691,"2001","individualni_automobilova","N2O","t"
366.5498627242076,"2002","individualni_automobilova","N2O","t"
409.046247886368,"2003","individualni_automobilova","N2O","t"
415.0245590804593,"2004","individualni_automobilova","N2O","t"
427.5073054627718,"2005","individualni_automobilova","N2O","t"
437.6184868195663,"2006","individualni_automobilova","N2O","t"
426.1142746326801,"2007","individualni_automobilova","N2O","t"
419.1309821668415,"2008","individualni_automobilova","N2O","t"
355.236782233707,"2009","individualni_automobilova","N2O","t"
339.0596179061278,"2010","individualni_automobilova","N2O","t"
343.672534815884,"2011","individualni_automobilova","N2O","t"
331.74702721985636,"2012","individualni_automobilova","N2O","t"
335.58036426451787,"2013","individualni_automobilova","N2O","t"
346.81036703266676,"2014","individualni_automobilova","N2O","t"
354.3462529424011,"2015","individualni_automobilova","N2O","t"
366.10399204881986,"2016","individualni_automobilova","N2O","t"
374.1042943455286,"2017","individualni_automobilova","N2O","t"
377.12909875271146,"2018","individualni_automobilova","N2O","t"
46.360719928086866,"1993","verejna_silnicni_autobusy","N2O","t"
42.57716902976238,"1994","verejna_silnicni_autobusy","N2O","t"
32.29112719636696,"1995","verejna_silnicni_autobusy","N2O","t"
26.178240570601947,"1996","verejna_silnicni_autobusy","N2O","t"
22.60567654254553,"1997","verejna_silnicni_autobusy","N2O","t"
25.778963492979248,"1998","verejna_silnicni_autobusy","N2O","t"
21.995907483342762,"1999","verejna_silnicni_autobusy","N2O","t"
20.69179943110168,"2000","verejna_silnicni_autobusy","N2O","t"
19.905611685703455,"2001","verejna_silnicni_autobusy","N2O","t"
17.965617478418135,"2002","verejna_silnicni_autobusy","N2O","t"
17.505741113781504,"2003","verejna_silnicni_autobusy","N2O","t"
16.099329423178027,"2004","verejna_silnicni_autobusy","N2O","t"
16.405068210149086,"2005","verejna_silnicni_autobusy","N2O","t"
15.986636171817771,"2006","verejna_silnicni_autobusy","N2O","t"
15.524201255626986,"2007","verejna_silnicni_autobusy","N2O","t"
16.053820602332674,"2008","verejna_silnicni_autobusy","N2O","t"
18.880861178004423,"2009","verejna_silnicni_autobusy","N2O","t"
20.737994563782497,"2010","verejna_silnicni_autobusy","N2O","t"
21.595033030416737,"2011","verejna_silnicni_autobusy","N2O","t"
22.365230631774708,"2012","verejna_silnicni_autobusy","N2O","t"
21.18313565281214,"2013","verejna_silnicni_autobusy","N2O","t"
23.715961170416023,"2014","verejna_silnicni_autobusy","N2O","t"
22.617393986567148,"2015","verejna_silnicni_autobusy","N2O","t"
22.116616936620495,"2016","verejna_silnicni_autobusy","N2O","t"
21.265751008015208,"2017","verejna_silnicni_autobusy","N2O","t"
18.894302604861664,"2018","verejna_silnicni_autobusy","N2O","t"
108.33542889652436,"1993","silnicni_nakladni","N2O","t"
115.28283946423346,"1994","silnicni_nakladni","N2O","t"
96.63195364231677,"1995","silnicni_nakladni","N2O","t"
88.6425492199549,"1996","silnicni_nakladni","N2O","t"
86.0334808035504,"1997","silnicni_nakladni","N2O","t"
99.69297501432625,"1998","silnicni_nakladni","N2O","t"
97.48201335248405,"1999","silnicni_nakladni","N2O","t"
100.50475570880302,"2000","silnicni_nakladni","N2O","t"
93.24642043074778,"2001","silnicni_nakladni","N2O","t"
95.39111235362019,"2002","silnicni_nakladni","N2O","t"
105.70256621064664,"2003","silnicni_nakladni","N2O","t"
112.25394142956276,"2004","silnicni_nakladni","N2O","t"
126.09016109916168,"2005","silnicni_nakladni","N2O","t"
142.36323507924442,"2006","silnicni_nakladni","N2O","t"
150.51504088029358,"2007","silnicni_nakladni","N2O","t"
163.40517453988542,"2008","silnicni_nakladni","N2O","t"
161.357431076811,"2009","silnicni_nakladni","N2O","t"
161.6014187962641,"2010","silnicni_nakladni","N2O","t"
169.10773146306616,"2011","silnicni_nakladni","N2O","t"
177.77780967357344,"2012","silnicni_nakladni","N2O","t"
181.5959804675195,"2013","silnicni_nakladni","N2O","t"
189.96398732883466,"2014","silnicni_nakladni","N2O","t"
203.6819986108167,"2015","silnicni_nakladni","N2O","t"
214.6815849164816,"2016","silnicni_nakladni","N2O","t"
217.18554825694127,"2017","silnicni_nakladni","N2O","t"
216.80524041771145,"2018","silnicni_nakladni","N2O","t"
3.494809341884956,"1993","motocykly","N2O","t"
3.955180328893916,"1994","motocykly","N2O","t"
3.9352269042285144,"1995","motocykly","N2O","t"
4.195684158198652,"1996","motocykly","N2O","t"
4.04713839887682,"1997","motocykly","N2O","t"
3.8100149762561615,"1998","motocykly","N2O","t"
3.509118837242564,"1999","motocykly","N2O","t"
3.2391956119273315,"2000","motocykly","N2O","t"
3.238820401311745,"2001","motocykly","N2O","t"
3.0660998808509756,"2002","motocykly","N2O","t"
3.1215532299649866,"2003","motocykly","N2O","t"
2.878954489583578,"2004","motocykly","N2O","t"
2.4074322987392978,"2005","motocykly","N2O","t"
2.3125750480090597,"2006","motocykly","N2O","t"
2.5530943654288825,"2007","motocykly","N2O","t"
2.7209629123621433,"2008","motocykly","N2O","t"
2.859326710189145,"2009","motocykly","N2O","t"
2.5454819939779005,"2010","motocykly","N2O","t"
2.5557582880331333,"2011","motocykly","N2O","t"
2.4326691157939666,"2012","motocykly","N2O","t"
2.059852996644237,"2013","motocykly","N2O","t"
1.6367516876592343,"2014","motocykly","N2O","t"
1.2500655599173363,"2015","motocykly","N2O","t"
0.9962017435649662,"2016","motocykly","N2O","t"
0.8487416501303356,"2017","motocykly","N2O","t"
0.745105236940414,"2018","motocykly","N2O","t"
160.2744,"1993","zeleznicni_motorova_trakce","N2O","t"
129.18619999999999,"1994","zeleznicni_motorova_trakce","N2O","t"
128.8716,"1995","zeleznicni_motorova_trakce","N2O","t"
127.0698,"1996","zeleznicni_motorova_trakce","N2O","t"
109.252,"1997","zeleznicni_motorova_trakce","N2O","t"
137.52924900000002,"1998","zeleznicni_motorova_trakce","N2O","t"
128.186058,"1999","zeleznicni_motorova_trakce","N2O","t"
126.9801104,"2000","zeleznicni_motorova_trakce","N2O","t"
116.294464,"2001","zeleznicni_motorova_trakce","N2O","t"
112.751496,"2002","zeleznicni_motorova_trakce","N2O","t"
110.32358480000002,"2003","zeleznicni_motorova_trakce","N2O","t"
108.9786698,"2004","zeleznicni_motorova_trakce","N2O","t"
110.0604648,"2005","zeleznicni_motorova_trakce","N2O","t"
117.45402240000001,"2006","zeleznicni_motorova_trakce","N2O","t"
116.14903300000002,"2007","zeleznicni_motorova_trakce","N2O","t"
128.73861,"2008","zeleznicni_motorova_trakce","N2O","t"
116.765792,"2009","zeleznicni_motorova_trakce","N2O","t"
113.23895440000001,"2010","zeleznicni_motorova_trakce","N2O","t"
110.64339,"2011","zeleznicni_motorova_trakce","N2O","t"
106.88809559999999,"2012","zeleznicni_motorova_trakce","N2O","t"
104.440622,"2013","zeleznicni_motorova_trakce","N2O","t"
105.7406636,"2014","zeleznicni_motorova_trakce","N2O","t"
103.23004769999999,"2015","zeleznicni_motorova_trakce","N2O","t"
104.49009000000001,"2016","zeleznicni_motorova_trakce","N2O","t"
106.05892257600001,"2017","zeleznicni_motorova_trakce","N2O","t"
108.49564257600001,"2018","zeleznicni_motorova_trakce","N2O","t"
1.466,"1993","vodni","N2O","t"
1.4440000000000002,"1994","vodni","N2O","t"
1.49,"1995","vodni","N2O","t"
1.24,"1996","vodni","N2O","t"
1.04,"1997","vodni","N2O","t"
1.02132,"1998","vodni","N2O","t"
0.597604,"1999","vodni","N2O","t"
0.42691,"2000","vodni","N2O","t"
0.67072,"2001","vodni","N2O","t"
0.33552,"2002","vodni","N2O","t"
0.335432,"2003","vodni","N2O","t"
0.502476,"2004","vodni","N2O","t"
0.41829,"2005","vodni","N2O","t"
0.513348,"2006","vodni","N2O","t"
0.42749000000000004,"2007","vodni","N2O","t"
0.34296,"2008","vodni","N2O","t"
0.42976000000000003,"2009","vodni","N2O","t"
0.344296,"2010","vodni","N2O","t"
0.25791000000000003,"2011","vodni","N2O","t"
0.42957999999999996,"2012","vodni","N2O","t"
0.171848,"2013","vodni","N2O","t"
0.257772,"2014","vodni","N2O","t"
0.25765799999999994,"2015","vodni","N2O","t"
0.343656,"2016","vodni","N2O","t"
0.3408,"2017","vodni","N2O","t"
0.2556,"2018","vodni","N2O","t"
12.361751999999997,"1993","letecka","N2O","t"
15.167256,"1994","letecka","N2O","t"
16.131648000000002,"1995","letecka","N2O","t"
12.27408,"1996","letecka","N2O","t"
14.015999999999996,"1997","letecka","N2O","t"
16.5564,"1998","letecka","N2O","t"
15.680399999999999,"1999","letecka","N2O","t"
17.082,"2000","letecka","N2O","t"
18.1332,"2001","letecka","N2O","t"
15.767999999999999,"2002","letecka","N2O","t"
21.108226,"2003","letecka","N2O","t"
27.062219999999996,"2004","letecka","N2O","t"
28.0256,"2005","letecka","N2O","t"
28.72624,"2006","letecka","N2O","t"
30.12752,"2007","letecka","N2O","t"
31.87912,"2008","letecka","N2O","t"
29.16414,"2009","letecka","N2O","t"
27.324960000000004,"2010","letecka","N2O","t"
26.97464,"2011","letecka","N2O","t"
25.223039999999997,"2012","letecka","N2O","t"
24.34724,"2013","letecka","N2O","t"
25.13546,"2014","letecka","N2O","t"
25.398200000000003,"2015","letecka","N2O","t"
27.32496,"2016","letecka","N2O","t"
30.653,"2017","letecka","N2O","t"
35.29474,"2018","letecka","N2O","t"
41016.6702098057,"1993","individualni_automobilova","NOX","t"
45657.03515814508,"1994","individualni_automobilova","NOX","t"
44513.18439796664,"1995","individualni_automobilova","NOX","t"
46263.06709618832,"1996","individualni_automobilova","NOX","t"
42269.52052336918,"1997","individualni_automobilova","NOX","t"
40462.36842521054,"1998","individualni_automobilova","NOX","t"
39566.78433035153,"1999","individualni_automobilova","NOX","t"
39368.12849956486,"2000","individualni_automobilova","NOX","t"
36269.43332760231,"2001","individualni_automobilova","NOX","t"
35872.900262418305,"2002","individualni_automobilova","NOX","t"
37953.49824799004,"2003","individualni_automobilova","NOX","t"
37245.04770178059,"2004","individualni_automobilova","NOX","t"
37010.87911303325,"2005","individualni_automobilova","NOX","t"
35972.04113260002,"2006","individualni_automobilova","NOX","t"
36077.12006508826,"2007","individualni_automobilova","NOX","t"
34678.18773314407,"2008","individualni_automobilova","NOX","t"
34690.443419077965,"2009","individualni_automobilova","NOX","t"
32083.894167336734,"2010","individualni_automobilova","NOX","t"
31791.635565683664,"2011","individualni_automobilova","NOX","t"
29758.78678503246,"2012","individualni_automobilova","NOX","t"
29309.043316736228,"2013","individualni_automobilova","NOX","t"
29867.987321037443,"2014","individualni_automobilova","NOX","t"
29958.99938344799,"2015","individualni_automobilova","NOX","t"
30511.580793502868,"2016","individualni_automobilova","NOX","t"
30998.017549964206,"2017","individualni_automobilova","NOX","t"
30453.68603790049,"2018","individualni_automobilova","NOX","t"
20119.053515125514,"1993","verejna_silnicni_autobusy","NOX","t"
18297.24101881248,"1994","verejna_silnicni_autobusy","NOX","t"
13970.956842535274,"1995","verejna_silnicni_autobusy","NOX","t"
11451.643500016526,"1996","verejna_silnicni_autobusy","NOX","t"
9960.66253073488,"1997","verejna_silnicni_autobusy","NOX","t"
11725.47930652902,"1998","verejna_silnicni_autobusy","NOX","t"
10409.757672904752,"1999","verejna_silnicni_autobusy","NOX","t"
10031.214112604766,"2000","verejna_silnicni_autobusy","NOX","t"
10004.480825503044,"2001","verejna_silnicni_autobusy","NOX","t"
9528.139262836421,"2002","verejna_silnicni_autobusy","NOX","t"
9458.350142978652,"2003","verejna_silnicni_autobusy","NOX","t"
9043.850598845253,"2004","verejna_silnicni_autobusy","NOX","t"
9473.56066555314,"2005","verejna_silnicni_autobusy","NOX","t"
8899.995941562365,"2006","verejna_silnicni_autobusy","NOX","t"
8610.747760346501,"2007","verejna_silnicni_autobusy","NOX","t"
8657.161743017978,"2008","verejna_silnicni_autobusy","NOX","t"
8528.32901514986,"2009","verejna_silnicni_autobusy","NOX","t"
8170.431458303857,"2010","verejna_silnicni_autobusy","NOX","t"
7948.583221356757,"2011","verejna_silnicni_autobusy","NOX","t"
7714.51741415455,"2012","verejna_silnicni_autobusy","NOX","t"
6861.430041436801,"2013","verejna_silnicni_autobusy","NOX","t"
6881.965394845785,"2014","verejna_silnicni_autobusy","NOX","t"
5751.113955000186,"2015","verejna_silnicni_autobusy","NOX","t"
4977.062214537015,"2016","verejna_silnicni_autobusy","NOX","t"
4612.53793250937,"2017","verejna_silnicni_autobusy","NOX","t"
3851.708421060221,"2018","verejna_silnicni_autobusy","NOX","t"
32830.17386820034,"1993","silnicni_nakladni","NOX","t"
33888.406895213884,"1994","silnicni_nakladni","NOX","t"
27555.183137190626,"1995","silnicni_nakladni","NOX","t"
25072.24031565932,"1996","silnicni_nakladni","NOX","t"
23957.82827281988,"1997","silnicni_nakladni","NOX","t"
29225.93266987187,"1998","silnicni_nakladni","NOX","t"
28302.65856938775,"1999","silnicni_nakladni","NOX","t"
29155.53256371205,"2000","silnicni_nakladni","NOX","t"
30959.841335845464,"2001","silnicni_nakladni","NOX","t"
31909.141541241268,"2002","silnicni_nakladni","NOX","t"
34892.389026069584,"2003","silnicni_nakladni","NOX","t"
36293.46217927069,"2004","silnicni_nakladni","NOX","t"
40296.18316595421,"2005","silnicni_nakladni","NOX","t"
39723.86452867953,"2006","silnicni_nakladni","NOX","t"
38676.769751744876,"2007","silnicni_nakladni","NOX","t"
37647.440217636635,"2008","silnicni_nakladni","NOX","t"
34783.89069219389,"2009","silnicni_nakladni","NOX","t"
31787.145272095753,"2010","silnicni_nakladni","NOX","t"
29955.977450733397,"2011","silnicni_nakladni","NOX","t"
29103.043398312082,"2012","silnicni_nakladni","NOX","t"
26542.870065959833,"2013","silnicni_nakladni","NOX","t"
25108.5834810221,"2014","silnicni_nakladni","NOX","t"
23263.42521583474,"2015","silnicni_nakladni","NOX","t"
21322.334550111358,"2016","silnicni_nakladni","NOX","t"
20529.525651762197,"2017","silnicni_nakladni","NOX","t"
17860.778784115602,"2018","silnicni_nakladni","NOX","t"
591.8466467884833,"1993","motocykly","NOX","t"
669.1177316211869,"1994","motocykly","NOX","t"
664.9931477488276,"1995","motocykly","NOX","t"
707.9453921255163,"1996","motocykly","NOX","t"
682.3311157246958,"1997","motocykly","NOX","t"
641.3939577845641,"1998","motocykly","NOX","t"
587.3415514476688,"1999","motocykly","NOX","t"
566.6520908834517,"2000","motocykly","NOX","t"
531.5644611170115,"2001","motocykly","NOX","t"
496.3285430063279,"2002","motocykly","NOX","t"
502.5711202473154,"2003","motocykly","NOX","t"
460.0426428361949,"2004","motocykly","NOX","t"
360.25219471800506,"2005","motocykly","NOX","t"
333.266571788538,"2006","motocykly","NOX","t"
355.5193052870798,"2007","motocykly","NOX","t"
352.8163551185833,"2008","motocykly","NOX","t"
356.3699891754476,"2009","motocykly","NOX","t"
319.503712512626,"2010","motocykly","NOX","t"
322.42435806604203,"2011","motocykly","NOX","t"
304.86960144938234,"2012","motocykly","NOX","t"
228.00773341921968,"2013","motocykly","NOX","t"
184.44925887126328,"2014","motocykly","NOX","t"
138.7510635855017,"2015","motocykly","NOX","t"
108.92729316264244,"2016","motocykly","NOX","t"
85.5619591753988,"2017","motocykly","NOX","t"
69.86036657877551,"2018","motocykly","NOX","t"
4469.80377394005,"1993","zeleznicni_motorova_trakce","NOX","t"
3601.531152244984,"1994","zeleznicni_motorova_trakce","NOX","t"
3593.690302545523,"1995","zeleznicni_motorova_trakce","NOX","t"
3541.6125846501127,"1996","zeleznicni_motorova_trakce","NOX","t"
3043.288212069938,"1997","zeleznicni_motorova_trakce","NOX","t"
3830.7,"1998","zeleznicni_motorova_trakce","NOX","t"
3559.5,"1999","zeleznicni_motorova_trakce","NOX","t"
3525.6,"2000","zeleznicni_motorova_trakce","NOX","t"
3288.2999999999997,"2001","zeleznicni_motorova_trakce","NOX","t"
3186.6,"2002","zeleznicni_motorova_trakce","NOX","t"
3118.7999999999997,"2003","zeleznicni_motorova_trakce","NOX","t"
3084.9,"2004","zeleznicni_motorova_trakce","NOX","t"
3120.9887999999996,"2005","zeleznicni_motorova_trakce","NOX","t"
3256.8796799999996,"2006","zeleznicni_motorova_trakce","NOX","t"
3222.58,"2007","zeleznicni_motorova_trakce","NOX","t"
3561.66048,"2008","zeleznicni_motorova_trakce","NOX","t"
3222.71744,"2009","zeleznicni_motorova_trakce","NOX","t"
3121.2726399999997,"2010","zeleznicni_motorova_trakce","NOX","t"
3053.41296,"2011","zeleznicni_motorova_trakce","NOX","t"
2951.7281599999997,"2012","zeleznicni_motorova_trakce","NOX","t"
2883.988,"2013","zeleznicni_motorova_trakce","NOX","t"
2922.34944,"2014","zeleznicni_motorova_trakce","NOX","t"
2854.40368,"2015","zeleznicni_motorova_trakce","NOX","t"
2888.07312,"2016","zeleznicni_motorova_trakce","NOX","t"
2949.300006570941,"2017","zeleznicni_motorova_trakce","NOX","t"
2949.300006570941,"2018","zeleznicni_motorova_trakce","NOX","t"
584.6477812808808,"1993","vodni","NOX","t"
575.6709081073452,"1994","vodni","NOX","t"
594.1631769632522,"1995","vodni","NOX","t"
494.2155756207675,"1996","vodni","NOX","t"
414.26959954878737,"1997","vodni","NOX","t"
406.79999999999995,"1998","vodni","NOX","t"
237.29999999999998,"1999","vodni","NOX","t"
169.5,"2000","vodni","NOX","t"
271.2,"2001","vodni","NOX","t"
135.6,"2002","vodni","NOX","t"
135.6,"2003","vodni","NOX","t"
203.39999999999998,"2004","vodni","NOX","t"
169.5,"2005","vodni","NOX","t"
203.39999999999998,"2006","vodni","NOX","t"
169.5,"2007","vodni","NOX","t"
135.6,"2008","vodni","NOX","t"
169.5,"2009","vodni","NOX","t"
135.6,"2010","vodni","NOX","t"
101.69999999999999,"2011","vodni","NOX","t"
169.5,"2012","vodni","NOX","t"
67.8,"2013","vodni","NOX","t"
101.69999999999999,"2014","vodni","NOX","t"
101.69999999999999,"2015","vodni","NOX","t"
135.6,"2016","vodni","NOX","t"
135.6,"2017","vodni","NOX","t"
135.6,"2018","vodni","NOX","t"
1767.8074999999997,"1993","letecka","NOX","t"
2143.585,"1994","letecka","NOX","t"
2256.4900000000002,"1995","letecka","NOX","t"
1726.2900000000002,"1996","letecka","NOX","t"
1947.645,"1997","letecka","NOX","t"
2297.0950000000003,"1998","letecka","NOX","t"
2186.4175,"1999","letecka","NOX","t"
2335.6119299475004,"2000","letecka","NOX","t"
2513.4694263565,"2001","letecka","NOX","t"
2197.870879436,"2002","letecka","NOX","t"
2932.920256451,"2003","letecka","NOX","t"
3753.1285805729995,"2004","letecka","NOX","t"
3875.2191868605005,"2005","letecka","NOX","t"
3971.5607223089996,"2006","letecka","NOX","t"
4164.3172421735,"2007","letecka","NOX","t"
4405.901311337,"2008","letecka","NOX","t"
4032.733328631,"2009","letecka","NOX","t"
3779.5957213955003,"2010","letecka","NOX","t"
3721.1917316505,"2011","letecka","NOX","t"
3489.9941647855003,"2012","letecka","NOX","t"
3368.961525986,"2013","letecka","NOX","t"
3477.995,"2014","letecka","NOX","t"
3523.9675,"2015","letecka","NOX","t"
3789.0675,"2016","letecka","NOX","t"
4246.9675,"2017","letecka","NOX","t"
4246.9675,"2018","letecka","NOX","t"
51424.97005966186,"1993","individualni_automobilova","VOC","t"
55836.52975130705,"1994","individualni_automobilova","VOC","t"
55348.50679156063,"1995","individualni_automobilova","VOC","t"
58934.50626576882,"1996","individualni_automobilova","VOC","t"
52267.581038064935,"1997","individualni_automobilova","VOC","t"
47864.165018027394,"1998","individualni_automobilova","VOC","t"
45787.1742528626,"1999","individualni_automobilova","VOC","t"
43224.83707549694,"2000","individualni_automobilova","VOC","t"
38248.11596498205,"2001","individualni_automobilova","VOC","t"
35536.02022852543,"2002","individualni_automobilova","VOC","t"
35612.22310628153,"2003","individualni_automobilova","VOC","t"
32096.09166592515,"2004","individualni_automobilova","VOC","t"
29622.26154013515,"2005","individualni_automobilova","VOC","t"
28086.36739452227,"2006","individualni_automobilova","VOC","t"
25708.85666018251,"2007","individualni_automobilova","VOC","t"
24931.965055385037,"2008","individualni_automobilova","VOC","t"
25298.529957873823,"2009","individualni_automobilova","VOC","t"
22349.2421139946,"2010","individualni_automobilova","VOC","t"
20586.75924625641,"2011","individualni_automobilova","VOC","t"
18157.867892587165,"2012","individualni_automobilova","VOC","t"
15859.737563891395,"2013","individualni_automobilova","VOC","t"
15034.720518849355,"2014","individualni_automobilova","VOC","t"
13828.959589088034,"2015","individualni_automobilova","VOC","t"
12762.756991464994,"2016","individualni_automobilova","VOC","t"
12321.511119613026,"2017","individualni_automobilova","VOC","t"
11703.680655781718,"2018","individualni_automobilova","VOC","t"
1258.7419990086294,"1993","verejna_silnicni_autobusy","VOC","t"
1130.9485412152499,"1994","verejna_silnicni_autobusy","VOC","t"
861.1640330061948,"1995","verejna_silnicni_autobusy","VOC","t"
705.9057270996492,"1996","verejna_silnicni_autobusy","VOC","t"
603.8647438786693,"1997","verejna_silnicni_autobusy","VOC","t"
703.8180200098687,"1998","verejna_silnicni_autobusy","VOC","t"
616.0663940343877,"1999","verejna_silnicni_autobusy","VOC","t"
606.4873748075312,"2000","verejna_silnicni_autobusy","VOC","t"
595.9114467295074,"2001","verejna_silnicni_autobusy","VOC","t"
558.532166070611,"2002","verejna_silnicni_autobusy","VOC","t"
541.9783020042082,"2003","verejna_silnicni_autobusy","VOC","t"
515.0718743310478,"2004","verejna_silnicni_autobusy","VOC","t"
541.7686057691396,"2005","verejna_silnicni_autobusy","VOC","t"
474.5263129584688,"2006","verejna_silnicni_autobusy","VOC","t"
428.3519883314049,"2007","verejna_silnicni_autobusy","VOC","t"
392.21168839376935,"2008","verejna_silnicni_autobusy","VOC","t"
356.84447154192316,"2009","verejna_silnicni_autobusy","VOC","t"
308.65732479246776,"2010","verejna_silnicni_autobusy","VOC","t"
275.00189842111115,"2011","verejna_silnicni_autobusy","VOC","t"
240.96144163594838,"2012","verejna_silnicni_autobusy","VOC","t"
194.60634225839894,"2013","verejna_silnicni_autobusy","VOC","t"
195.0743173672402,"2014","verejna_silnicni_autobusy","VOC","t"
155.2900434548721,"2015","verejna_silnicni_autobusy","VOC","t"
144.72789468637163,"2016","verejna_silnicni_autobusy","VOC","t"
136.51765076792165,"2017","verejna_silnicni_autobusy","VOC","t"
112.1433795172338,"2018","verejna_silnicni_autobusy","VOC","t"
5402.591748522106,"1993","silnicni_nakladni","VOC","t"
5726.255680705447,"1994","silnicni_nakladni","VOC","t"
4970.204803437997,"1995","silnicni_nakladni","VOC","t"
4733.850198706108,"1996","silnicni_nakladni","VOC","t"
4190.716951745406,"1997","silnicni_nakladni","VOC","t"
4465.940075932725,"1998","silnicni_nakladni","VOC","t"
4120.788431255265,"1999","silnicni_nakladni","VOC","t"
3922.472752779093,"2000","silnicni_nakladni","VOC","t"
3653.7031884875078,"2001","silnicni_nakladni","VOC","t"
3418.5200935279972,"2002","silnicni_nakladni","VOC","t"
3536.970575068023,"2003","silnicni_nakladni","VOC","t"
3464.4397898834377,"2004","silnicni_nakladni","VOC","t"
3652.1027042916135,"2005","silnicni_nakladni","VOC","t"
3281.857113930997,"2006","silnicni_nakladni","VOC","t"
3037.8426634987572,"2007","silnicni_nakladni","VOC","t"
2880.595510660812,"2008","silnicni_nakladni","VOC","t"
2698.631617579178,"2009","silnicni_nakladni","VOC","t"
2413.9527156496165,"2010","silnicni_nakladni","VOC","t"
2063.2314736368835,"2011","silnicni_nakladni","VOC","t"
1790.042984653744,"2012","silnicni_nakladni","VOC","t"
1366.4762873977227,"2013","silnicni_nakladni","VOC","t"
1313.7856540654818,"2014","silnicni_nakladni","VOC","t"
1174.7340573395609,"2015","silnicni_nakladni","VOC","t"
1057.85492206114,"2016","silnicni_nakladni","VOC","t"
994.1065822543012,"2017","silnicni_nakladni","VOC","t"
802.0714155722372,"2018","silnicni_nakladni","VOC","t"
2802.3240435229095,"1993","motocykly","VOC","t"
3151.229507281407,"1994","motocykly","VOC","t"
3107.9895418652145,"1995","motocykly","VOC","t"
3246.392153265923,"1996","motocykly","VOC","t"
3186.5641470306527,"1997","motocykly","VOC","t"
3044.344533014519,"1998","motocykly","VOC","t"
2880.5526850908327,"1999","motocykly","VOC","t"
2865.320867661817,"2000","motocykly","VOC","t"
2567.9440659044913,"2001","motocykly","VOC","t"
2543.6388683125247,"2002","motocykly","VOC","t"
2648.573277041391,"2003","motocykly","VOC","t"
2424.7472459655114,"2004","motocykly","VOC","t"
2097.9465423621295,"2005","motocykly","VOC","t"
1965.1189992974882,"2006","motocykly","VOC","t"
2044.3456789486625,"2007","motocykly","VOC","t"
1999.7319789844967,"2008","motocykly","VOC","t"
2041.5655157339593,"2009","motocykly","VOC","t"
1890.1260086703037,"2010","motocykly","VOC","t"
1971.5874640086358,"2011","motocykly","VOC","t"
1912.3925160343983,"2012","motocykly","VOC","t"
1798.9159316392388,"2013","motocykly","VOC","t"
1628.0575858288023,"2014","motocykly","VOC","t"
1425.7202567912445,"2015","motocykly","VOC","t"
1233.5309359364696,"2016","motocykly","VOC","t"
1143.2440666115865,"2017","motocykly","VOC","t"
1134.6867588284654,"2018","motocykly","VOC","t"
617.7134325914075,"1993","zeleznicni_motorova_trakce","VOC","t"
497.72076877484295,"1994","zeleznicni_motorova_trakce","VOC","t"
496.63718693831464,"1995","zeleznicni_motorova_trakce","VOC","t"
489.44020301918744,"1996","zeleznicni_motorova_trakce","VOC","t"
420.5732741116752,"1997","zeleznicni_motorova_trakce","VOC","t"
529.391214,"1998","zeleznicni_motorova_trakce","VOC","t"
491.91219,"1999","zeleznicni_motorova_trakce","VOC","t"
487.22731200000004,"2000","zeleznicni_motorova_trakce","VOC","t"
454.433166,"2001","zeleznicni_motorova_trakce","VOC","t"
440.378532,"2002","zeleznicni_motorova_trakce","VOC","t"
431.008776,"2003","zeleznicni_motorova_trakce","VOC","t"
426.32389800000004,"2004","zeleznicni_motorova_trakce","VOC","t"
433.744776,"2005","zeleznicni_motorova_trakce","VOC","t"
452.847888,"2006","zeleznicni_motorova_trakce","VOC","t"
447.66341000000006,"2007","zeleznicni_motorova_trakce","VOC","t"
494.61279,"2008","zeleznicni_motorova_trakce","VOC","t"
447.83521,"2009","zeleznicni_motorova_trakce","VOC","t"
434.099576,"2010","zeleznicni_motorova_trakce","VOC","t"
424.65522000000004,"2011","zeleznicni_motorova_trakce","VOC","t"
410.619586,"2012","zeleznicni_motorova_trakce","VOC","t"
401.32463,"2013","zeleznicni_motorova_trakce","VOC","t"
411.58630800000003,"2014","zeleznicni_motorova_trakce","VOC","t"
402.034352,"2015","zeleznicni_motorova_trakce","VOC","t"
406.43103,"2016","zeleznicni_motorova_trakce","VOC","t"
415.7980628,"2017","zeleznicni_motorova_trakce","VOC","t"
425.1678188,"2018","zeleznicni_motorova_trakce","VOC","t"
80.79656425579972,"1993","vodni","VOC","t"
79.55598739327799,"1994","vodni","VOC","t"
82.11156330870936,"1995","vodni","VOC","t"
68.29910553047405,"1996","vodni","VOC","t"
57.25081218274112,"1997","vodni","VOC","t"
56.218536,"1998","vodni","VOC","t"
32.794146000000005,"1999","vodni","VOC","t"
23.424390000000002,"2000","vodni","VOC","t"
37.479024,"2001","vodni","VOC","t"
18.739512,"2002","vodni","VOC","t"
18.739512,"2003","vodni","VOC","t"
28.109268,"2004","vodni","VOC","t"
23.424390000000002,"2005","vodni","VOC","t"
28.109268,"2006","vodni","VOC","t"
23.424390000000002,"2007","vodni","VOC","t"
18.739512,"2008","vodni","VOC","t"
23.424390000000002,"2009","vodni","VOC","t"
18.739512,"2010","vodni","VOC","t"
14.054634,"2011","vodni","VOC","t"
23.424390000000002,"2012","vodni","VOC","t"
9.369756,"2013","vodni","VOC","t"
14.054634,"2014","vodni","VOC","t"
14.054634,"2015","vodni","VOC","t"
18.739512,"2016","vodni","VOC","t"
18.739512,"2017","vodni","VOC","t"
14.054634,"2018","vodni","VOC","t"
395.1475,"1993","letecka","VOC","t"
421.605,"1994","letecka","VOC","t"
390.25,"1995","letecka","VOC","t"
320.28999999999996,"1996","letecka","VOC","t"
303.245,"1997","letecka","VOC","t"
349.355,"1998","letecka","VOC","t"
357.87750000000005,"1999","letecka","VOC","t"
331.3108978105,"2000","letecka","VOC","t"
377.975,"2001","letecka","VOC","t"
359.46750000000003,"2002","letecka","VOC","t"
456.4575,"2003","letecka","VOC","t"
564.5775,"2004","letecka","VOC","t"
557.645,"2005","letecka","VOC","t"
570.365,"2006","letecka","VOC","t"
595.8050000000001,"2007","letecka","VOC","t"
627.605,"2008","letecka","VOC","t"
578.315,"2009","letecka","VOC","t"
544.9250000000001,"2010","letecka","VOC","t"
514.1424999999999,"2011","letecka","VOC","t"
506.765,"2012","letecka","VOC","t"
490.86499999999995,"2013","letecka","VOC","t"
505.17499999999995,"2014","letecka","VOC","t"
534.3675000000001,"2015","letecka","VOC","t"
569.3475000000001,"2016","letecka","VOC","t"
629.7674999999999,"2017","letecka","VOC","t"
714.0374999999999,"2018","letecka","VOC","t"
443566.61205798015,"1993","individualni_automobilova","CO","t"
472339.6627210111,"1994","individualni_automobilova","CO","t"
478002.9559804131,"1995","individualni_automobilova","CO","t"
529641.2315252826,"1996","individualni_automobilova","CO","t"
448965.7696079627,"1997","individualni_automobilova","CO","t"
404126.7453300735,"1998","individualni_automobilova","CO","t"
383291.47055086837,"1999","individualni_automobilova","CO","t"
342250.88987976324,"2000","individualni_automobilova","CO","t"
317066.3248677518,"2001","individualni_automobilova","CO","t"
291330.1395315119,"2002","individualni_automobilova","CO","t"
296060.5417991691,"2003","individualni_automobilova","CO","t"
276196.45743778767,"2004","individualni_automobilova","CO","t"
249614.46353333245,"2005","individualni_automobilova","CO","t"
225595.63901352417,"2006","individualni_automobilova","CO","t"
206525.11625259728,"2007","individualni_automobilova","CO","t"
194957.43325902065,"2008","individualni_automobilova","CO","t"
197113.0058334258,"2009","individualni_automobilova","CO","t"
173969.58490311058,"2010","individualni_automobilova","CO","t"
149472.44006401536,"2011","individualni_automobilova","CO","t"
126281.86100678898,"2012","individualni_automobilova","CO","t"
108043.9529313345,"2013","individualni_automobilova","CO","t"
96649.14388778867,"2014","individualni_automobilova","CO","t"
86480.0269253206,"2015","individualni_automobilova","CO","t"
84085.07369772694,"2016","individualni_automobilova","CO","t"
78185.67575306355,"2017","individualni_automobilova","CO","t"
67437.43784019539,"2018","individualni_automobilova","CO","t"
5067.371496162889,"1993","verejna_silnicni_autobusy","CO","t"
4545.498698431019,"1994","verejna_silnicni_autobusy","CO","t"
3469.109331426207,"1995","verejna_silnicni_autobusy","CO","t"
2841.4892998026876,"1996","verejna_silnicni_autobusy","CO","t"
2429.47562457522,"1997","verejna_silnicni_autobusy","CO","t"
2828.696706978439,"1998","verejna_silnicni_autobusy","CO","t"
2483.308076374777,"1999","verejna_silnicni_autobusy","CO","t"
2375.8696264760306,"2000","verejna_silnicni_autobusy","CO","t"
2369.702315941067,"2001","verejna_silnicni_autobusy","CO","t"
2290.3008995406653,"2002","verejna_silnicni_autobusy","CO","t"
2251.3956853289874,"2003","verejna_silnicni_autobusy","CO","t"
2147.984769036012,"2004","verejna_silnicni_autobusy","CO","t"
2259.554919027763,"2005","verejna_silnicni_autobusy","CO","t"
2084.1998983345848,"2006","verejna_silnicni_autobusy","CO","t"
1997.9027837571348,"2007","verejna_silnicni_autobusy","CO","t"
1981.6859105399142,"2008","verejna_silnicni_autobusy","CO","t"
2002.015722303979,"2009","verejna_silnicni_autobusy","CO","t"
1999.1699165842883,"2010","verejna_silnicni_autobusy","CO","t"
1991.4112520058575,"2011","verejna_silnicni_autobusy","CO","t"
1973.539356508493,"2012","verejna_silnicni_autobusy","CO","t"
1782.480383713119,"2013","verejna_silnicni_autobusy","CO","t"
1820.717033259902,"2014","verejna_silnicni_autobusy","CO","t"
1546.561207652559,"2015","verejna_silnicni_autobusy","CO","t"
1354.339216080321,"2016","verejna_silnicni_autobusy","CO","t"
1257.8939891406474,"2017","verejna_silnicni_autobusy","CO","t"
1062.3064901826679,"2018","verejna_silnicni_autobusy","CO","t"
32316.910347276935,"1993","silnicni_nakladni","CO","t"
34842.93967982632,"1994","silnicni_nakladni","CO","t"
32858.913463530116,"1995","silnicni_nakladni","CO","t"
33633.437760063694,"1996","silnicni_nakladni","CO","t"
27557.284477874244,"1997","silnicni_nakladni","CO","t"
27208.85214853201,"1998","silnicni_nakladni","CO","t"
25005.08401721071,"1999","silnicni_nakladni","CO","t"
22541.164590754,"2000","silnicni_nakladni","CO","t"
20565.767121580368,"2001","silnicni_nakladni","CO","t"
19045.212599381277,"2002","silnicni_nakladni","CO","t"
19656.902438061326,"2003","silnicni_nakladni","CO","t"
19695.639990654472,"2004","silnicni_nakladni","CO","t"
20124.28334527003,"2005","silnicni_nakladni","CO","t"
18380.85615711763,"2006","silnicni_nakladni","CO","t"
17830.372109738615,"2007","silnicni_nakladni","CO","t"
17507.37191679575,"2008","silnicni_nakladni","CO","t"
17024.505454955168,"2009","silnicni_nakladni","CO","t"
15804.606068818952,"2010","silnicni_nakladni","CO","t"
14147.11686266677,"2011","silnicni_nakladni","CO","t"
12588.569355033298,"2012","silnicni_nakladni","CO","t"
10493.684025396375,"2013","silnicni_nakladni","CO","t"
9962.326658337895,"2014","silnicni_nakladni","CO","t"
8969.31615840939,"2015","silnicni_nakladni","CO","t"
8177.418630260593,"2016","silnicni_nakladni","CO","t"
7499.70472782184,"2017","silnicni_nakladni","CO","t"
5980.3927119030495,"2018","silnicni_nakladni","CO","t"
30031.5682063416,"1993","motocykly","CO","t"
34037.430048669674,"1994","motocykly","CO","t"
33920.781121502034,"1995","motocykly","CO","t"
36252.90471147478,"1996","motocykly","CO","t"
35001.35915907415,"1997","motocykly","CO","t"
32970.1022401009,"1998","motocykly","CO","t"
30565.238965209224,"1999","motocykly","CO","t"
28390.11882936252,"2000","motocykly","CO","t"
26179.88071483213,"2001","motocykly","CO","t"
24721.742659722273,"2002","motocykly","CO","t"
24787.174361394842,"2003","motocykly","CO","t"
22634.661256896135,"2004","motocykly","CO","t"
17668.505379198392,"2005","motocykly","CO","t"
15819.520140615603,"2006","motocykly","CO","t"
16343.962854333353,"2007","motocykly","CO","t"
15797.349035331972,"2008","motocykly","CO","t"
15818.135363838135,"2009","motocykly","CO","t"
14271.518587947989,"2010","motocykly","CO","t"
14322.417421100752,"2011","motocykly","CO","t"
13465.76610154562,"2012","motocykly","CO","t"
9940.621885975059,"2013","motocykly","CO","t"
8013.3632273281355,"2014","motocykly","CO","t"
6035.616373493591,"2015","motocykly","CO","t"
4751.81130301423,"2016","motocykly","CO","t"
3580.182047676263,"2017","motocykly","CO","t"
2650.2744815960446,"2018","motocykly","CO","t"
2601.4521669568494,"1993","zeleznicni_motorova_trakce","CO","t"
2096.1123785779805,"1994","zeleznicni_motorova_trakce","CO","t"
2091.548957794194,"1995","zeleznicni_motorova_trakce","CO","t"
2061.239418735892,"1996","zeleznicni_motorova_trakce","CO","t"
1771.2116939274301,"1997","zeleznicni_motorova_trakce","CO","t"
2229.4900000000002,"1998","zeleznicni_motorova_trakce","CO","t"
2071.65,"1999","zeleznicni_motorova_trakce","CO","t"
2051.92,"2000","zeleznicni_motorova_trakce","CO","t"
1913.81,"2001","zeleznicni_motorova_trakce","CO","t"
1854.6200000000001,"2002","zeleznicni_motorova_trakce","CO","t"
1815.16,"2003","zeleznicni_motorova_trakce","CO","t"
1795.43,"2004","zeleznicni_motorova_trakce","CO","t"
1842.52,"2005","zeleznicni_motorova_trakce","CO","t"
1925.076,"2006","zeleznicni_motorova_trakce","CO","t"
1900.3500000000001,"2007","zeleznicni_motorova_trakce","CO","t"
2098.656,"2008","zeleznicni_motorova_trakce","CO","t"
1902.0680000000002,"2009","zeleznicni_motorova_trakce","CO","t"
1846.068,"2010","zeleznicni_motorova_trakce","CO","t"
1805.862,"2011","zeleznicni_motorova_trakce","CO","t"
1746.862,"2012","zeleznicni_motorova_trakce","CO","t"
1708.1499999999999,"2013","zeleznicni_motorova_trakce","CO","t"
1783.648,"2014","zeleznicni_motorova_trakce","CO","t"
1742.366,"2015","zeleznicni_motorova_trakce","CO","t"
1759.214,"2016","zeleznicni_motorova_trakce","CO","t"
1798.646768,"2017","zeleznicni_motorova_trakce","CO","t"
1838.106768,"2018","zeleznicni_motorova_trakce","CO","t"
340.26845795491977,"1993","vodni","CO","t"
335.04386480701834,"1994","vodni","CO","t"
345.8064743800875,"1995","vodni","CO","t"
287.63638073739656,"1996","vodni","CO","t"
241.10735100582818,"1997","vodni","CO","t"
236.76,"1998","vodni","CO","t"
138.11,"1999","vodni","CO","t"
98.65,"2000","vodni","CO","t"
157.84,"2001","vodni","CO","t"
78.92,"2002","vodni","CO","t"
78.92,"2003","vodni","CO","t"
118.38,"2004","vodni","CO","t"
98.65,"2005","vodni","CO","t"
118.38,"2006","vodni","CO","t"
98.65,"2007","vodni","CO","t"
78.92,"2008","vodni","CO","t"
98.65,"2009","vodni","CO","t"
78.92,"2010","vodni","CO","t"
59.19,"2011","vodni","CO","t"
98.65,"2012","vodni","CO","t"
39.46,"2013","vodni","CO","t"
59.19,"2014","vodni","CO","t"
59.19,"2015","vodni","CO","t"
78.92,"2016","vodni","CO","t"
78.92,"2017","vodni","CO","t"
59.19,"2018","vodni","CO","t"
1191.25865,"1993","letecka","CO","t"
1140.3087,"1994","letecka","CO","t"
917.219,"1995","letecka","CO","t"
816.6086,"1996","letecka","CO","t"
614.0982999999999,"1997","letecka","CO","t"
680.4097000000002,"1998","letecka","CO","t"
781.6648500000001,"1999","letecka","CO","t"
565.4614081342701,"2000","letecka","CO","t"
721.5685,"2001","letecka","CO","t"
783.95145,"2002","letecka","CO","t"
923.4333,"2003","letecka","CO","t"
1078.9221,"2004","letecka","CO","t"
979.9538,"2005","letecka","CO","t"
998.2466000000001,"2006","letecka","CO","t"
1034.8322,"2007","letecka","CO","t"
1080.5642,"2008","letecka","CO","t"
1009.6796,"2009","letecka","CO","t"
961.6610000000001,"2010","letecka","CO","t"
828.3937,"2011","letecka","CO","t"
906.7826,"2012","letecka","CO","t"
883.9166,"2013","letecka","CO","t"
904.4960000000001,"2014","letecka","CO","t"
1035.4767000000002,"2015","letecka","CO","t"
1085.7819,"2016","letecka","CO","t"
1172.6727,"2017","letecka","CO","t"
1293.8625,"2018","letecka","CO","t"
1867.6798763871773,"1993","individualni_automobilova","PM","t"
2045.7605545277358,"1994","individualni_automobilova","PM","t"
1857.0035404334658,"1995","individualni_automobilova","PM","t"
1854.3266051172945,"1996","individualni_automobilova","PM","t"
1741.626273051514,"1997","individualni_automobilova","PM","t"
2034.9323304832353,"1998","individualni_automobilova","PM","t"
2077.7935783593894,"1999","individualni_automobilova","PM","t"
2101.5807062785425,"2000","individualni_automobilova","PM","t"
2168.0913002905227,"2001","individualni_automobilova","PM","t"
2252.657471603288,"2002","individualni_automobilova","PM","t"
2618.1380373646966,"2003","individualni_automobilova","PM","t"
2703.016912576048,"2004","individualni_automobilova","PM","t"
2854.6985368226233,"2005","individualni_automobilova","PM","t"
2907.9627275360963,"2006","individualni_automobilova","PM","t"
3018.158009962479,"2007","individualni_automobilova","PM","t"
2975.838240522041,"2008","individualni_automobilova","PM","t"
2963.8008182954736,"2009","individualni_automobilova","PM","t"
2742.9858676173276,"2010","individualni_automobilova","PM","t"
2614.4909684586028,"2011","individualni_automobilova","PM","t"
2526.2369374528703,"2012","individualni_automobilova","PM","t"
2545.7656625282175,"2013","individualni_automobilova","PM","t"
2561.7327771755076,"2014","individualni_automobilova","PM","t"
2586.2507969058142,"2015","individualni_automobilova","PM","t"
2652.674728452742,"2016","individualni_automobilova","PM","t"
2688.930449700061,"2017","individualni_automobilova","PM","t"
2649.983184033752,"2018","individualni_automobilova","PM","t"
993.3244051064901,"1993","verejna_silnicni_autobusy","PM","t"
902.2039348618648,"1994","verejna_silnicni_autobusy","PM","t"
688.2502650352137,"1995","verejna_silnicni_autobusy","PM","t"
563.817407516546,"1996","verejna_silnicni_autobusy","PM","t"
482.9121199223091,"1997","verejna_silnicni_autobusy","PM","t"
559.1696993190109,"1998","verejna_silnicni_autobusy","PM","t"
486.38734807077145,"1999","verejna_silnicni_autobusy","PM","t"
457.8408885709737,"2000","verejna_silnicni_autobusy","PM","t"
448.8071447484597,"2001","verejna_silnicni_autobusy","PM","t"
419.10282787519026,"2002","verejna_silnicni_autobusy","PM","t"
409.5855038365048,"2003","verejna_silnicni_autobusy","PM","t"
389.13278414711135,"2004","verejna_silnicni_autobusy","PM","t"
393.73713269310053,"2005","verejna_silnicni_autobusy","PM","t"
360.9292515011511,"2006","verejna_silnicni_autobusy","PM","t"
339.9957345673891,"2007","verejna_silnicni_autobusy","PM","t"
330.03230825626633,"2008","verejna_silnicni_autobusy","PM","t"
317.0790271837984,"2009","verejna_silnicni_autobusy","PM","t"
296.95406891475193,"2010","verejna_silnicni_autobusy","PM","t"
282.0999338625863,"2011","verejna_silnicni_autobusy","PM","t"
267.10116788036316,"2012","verejna_silnicni_autobusy","PM","t"
235.0947825341803,"2013","verejna_silnicni_autobusy","PM","t"
249.08416905459643,"2014","verejna_silnicni_autobusy","PM","t"
219.06351782817188,"2015","verejna_silnicni_autobusy","PM","t"
201.14181349455822,"2016","verejna_silnicni_autobusy","PM","t"
191.38155382928562,"2017","verejna_silnicni_autobusy","PM","t"
167.0103880704649,"2018","verejna_silnicni_autobusy","PM","t"
2695.8057556001945,"1993","silnicni_nakladni","PM","t"
2773.8760031240176,"1994","silnicni_nakladni","PM","t"
2253.344705385068,"1995","silnicni_nakladni","PM","t"
2079.249699728701,"1996","silnicni_nakladni","PM","t"
1912.5339066746524,"1997","silnicni_nakladni","PM","t"
2327.111898932314,"1998","silnicni_nakladni","PM","t"
2203.2826300521556,"1999","silnicni_nakladni","PM","t"
2138.79770459919,"2000","silnicni_nakladni","PM","t"
2228.6433456372874,"2001","silnicni_nakladni","PM","t"
2173.616284272335,"2002","silnicni_nakladni","PM","t"
2356.3112675271036,"2003","silnicni_nakladni","PM","t"
2439.672471915001,"2004","silnicni_nakladni","PM","t"
2624.1468621064005,"2005","silnicni_nakladni","PM","t"
2564.0343825427235,"2006","silnicni_nakladni","PM","t"
2514.068564128668,"2007","silnicni_nakladni","PM","t"
2505.1562801344485,"2008","silnicni_nakladni","PM","t"
2355.7209700476583,"2009","silnicni_nakladni","PM","t"
2154.5984843085557,"2010","silnicni_nakladni","PM","t"
1991.4677265189034,"2011","silnicni_nakladni","PM","t"
1913.1317819164228,"2012","silnicni_nakladni","PM","t"
1762.1733961215116,"2013","silnicni_nakladni","PM","t"
1757.248429248563,"2014","silnicni_nakladni","PM","t"
1710.4617873250252,"2015","silnicni_nakladni","PM","t"
1656.434139046146,"2016","silnicni_nakladni","PM","t"
1621.4386835835119,"2017","silnicni_nakladni","PM","t"
1503.2385623214823,"2018","silnicni_nakladni","PM","t"
59.250322950728474,"1993","motocykly","PM","t"
67.28876662359943,"1994","motocykly","PM","t"
67.12596643926031,"1995","motocykly","PM","t"
71.79979341941969,"1996","motocykly","PM","t"
68.6832062492392,"1997","motocykly","PM","t"
64.90063078357814,"1998","motocykly","PM","t"
60.627766797837936,"1999","motocykly","PM","t"
56.7142281764548,"2000","motocykly","PM","t"
56.22179925910904,"2001","motocykly","PM","t"
53.21537455922487,"2002","motocykly","PM","t"
54.357750112347595,"2003","motocykly","PM","t"
50.183181251685326,"2004","motocykly","PM","t"
42.975668386734434,"2005","motocykly","PM","t"
38.51743498241947,"2006","motocykly","PM","t"
40.64045315528207,"2007","motocykly","PM","t"
40.66148129797048,"2008","motocykly","PM","t"
42.119276251084,"2009","motocykly","PM","t"
38.4123526984139,"2010","motocykly","PM","t"
38.61256741977261,"2011","motocykly","PM","t"
36.503519736156576,"2012","motocykly","PM","t"
33.48290077084987,"2013","motocykly","PM","t"
26.47198297303983,"2014","motocykly","PM","t"
19.77528136407424,"2015","motocykly","PM","t"
15.471302510656262,"2016","motocykly","PM","t"
12.161263314769721,"2017","motocykly","PM","t"
9.675492013821453,"2018","motocykly","PM","t"
345.45386099477673,"1993","zeleznicni_motorova_trakce","PM","t"
278.348425335748,"1994","zeleznicni_motorova_trakce","PM","t"
277.7424363619254,"1995","zeleznicni_motorova_trakce","PM","t"
273.7175507900677,"1996","zeleznicni_motorova_trakce","PM","t"
235.20398571159993,"1997","zeleznicni_motorova_trakce","PM","t"
296.06,"1998","zeleznicni_motorova_trakce","PM","t"
275.1,"1999","zeleznicni_motorova_trakce","PM","t"
272.48,"2000","zeleznicni_motorova_trakce","PM","t"
254.14000000000001,"2001","zeleznicni_motorova_trakce","PM","t"
246.28,"2002","zeleznicni_motorova_trakce","PM","t"
241.04000000000002,"2003","zeleznicni_motorova_trakce","PM","t"
238.42000000000002,"2004","zeleznicni_motorova_trakce","PM","t"
243.776,"2005","zeleznicni_motorova_trakce","PM","t"
254.61960000000002,"2006","zeleznicni_motorova_trakce","PM","t"
251.5,"2007","zeleznicni_motorova_trakce","PM","t"
277.80060000000003,"2008","zeleznicni_motorova_trakce","PM","t"
251.67180000000002,"2009","zeleznicni_motorova_trakce","PM","t"
244.13080000000002,"2010","zeleznicni_motorova_trakce","PM","t"
238.8162,"2011","zeleznicni_motorova_trakce","PM","t"
230.9752,"2012","zeleznicni_motorova_trakce","PM","t"
225.81000000000003,"2013","zeleznicni_motorova_trakce","PM","t"
234.00680000000003,"2014","zeleznicni_motorova_trakce","PM","t"
228.58460000000002,"2015","zeleznicni_motorova_trakce","PM","t"
230.9164,"2016","zeleznicni_motorova_trakce","PM","t"
236.1536768,"2017","zeleznicni_motorova_trakce","PM","t"
241.3936768,"2018","zeleznicni_motorova_trakce","PM","t"
45.185167756811445,"1993","vodni","PM","t"
44.49137991862079,"1994","vodni","PM","t"
45.92057591869383,"1995","vodni","PM","t"
38.19601203912717,"1996","vodni","PM","t"
32.01729648430156,"1997","vodni","PM","t"
31.44,"1998","vodni","PM","t"
18.34,"1999","vodni","PM","t"
13.100000000000001,"2000","vodni","PM","t"
20.96,"2001","vodni","PM","t"
10.48,"2002","vodni","PM","t"
10.48,"2003","vodni","PM","t"
15.72,"2004","vodni","PM","t"
13.100000000000001,"2005","vodni","PM","t"
15.72,"2006","vodni","PM","t"
13.100000000000001,"2007","vodni","PM","t"
10.48,"2008","vodni","PM","t"
13.100000000000001,"2009","vodni","PM","t"
10.48,"2010","vodni","PM","t"
7.86,"2011","vodni","PM","t"
13.100000000000001,"2012","vodni","PM","t"
5,"2013","vodni","PM","t"
8,"2014","vodni","PM","t"
7.86,"2015","vodni","PM","t"
10.48,"2016","vodni","PM","t"
10.48,"2017","vodni","PM","t"
7.86,"2018","vodni","PM","t"
0.12153941245797242,"1993","letecka","PM","t"
0.19283535949968755,"1994","letecka","PM","t"
0.060345201385389506,"1995","letecka","PM","t"
0.15934773208370603,"1996","letecka","PM","t"
0.21151537798946804,"1997","letecka","PM","t"
0.1993479429599742,"1998","letecka","PM","t"
0.18956423669893133,"1999","letecka","PM","t"
0.08696706103480975,"2000","letecka","PM","t"
0.09458526840853976,"2001","letecka","PM","t"
0.07658294671339436,"2002","letecka","PM","t"
0.09357415708461295,"2003","letecka","PM","t"
0.13897790102694427,"2004","letecka","PM","t"
0.14699267837421243,"2005","letecka","PM","t"
0.18016786613335672,"2006","letecka","PM","t"
0.17955445324091698,"2007","letecka","PM","t"
0.11979443323533674,"2008","letecka","PM","t"
0.1761838898001364,"2009","letecka","PM","t"
0.14094793675897624,"2010","letecka","PM","t"
0.08456592306351671,"2011","letecka","PM","t"
0.06728282228151879,"2012","letecka","PM","t"
0.07676841558375475,"2013","letecka","PM","t"
0.048984869679591814,"2014","letecka","PM","t"
0.05703155556836982,"2015","letecka","PM","t"
0.044697821577973834,"2016","letecka","PM","t"
0.035227357404944926,"2017","letecka","PM","t"
0.040607904789561874,"2018","letecka","PM","t"
123.09726558134629,"2000","individualni_automobilova","PAH","kg"
130.88488006751626,"2001","individualni_automobilova","PAH","kg"
146.12680613500368,"2002","individualni_automobilova","PAH","kg"
177.0798001325415,"2003","individualni_automobilova","PAH","kg"
190.5855205355699,"2004","individualni_automobilova","PAH","kg"
213.8980627431423,"2005","individualni_automobilova","PAH","kg"
230.2182810171645,"2006","individualni_automobilova","PAH","kg"
249.46146750572285,"2007","individualni_automobilova","PAH","kg"
246.95016236541915,"2008","individualni_automobilova","PAH","kg"
248.81840377490605,"2009","individualni_automobilova","PAH","kg"
242.76234636536344,"2010","individualni_automobilova","PAH","kg"
254.7498424936225,"2011","individualni_automobilova","PAH","kg"
251.100023110785,"2012","individualni_automobilova","PAH","kg"
259.67447465948084,"2013","individualni_automobilova","PAH","kg"
271.72534432575117,"2014","individualni_automobilova","PAH","kg"
288.55221327968263,"2015","individualni_automobilova","PAH","kg"
305.09927078030194,"2016","individualni_automobilova","PAH","kg"
315.8015168426115,"2017","individualni_automobilova","PAH","kg"
317.5586404706478,"2018","individualni_automobilova","PAH","kg"
13.603306708289331,"2000","verejna_silnicni_autobusy","PAH","kg"
14.07097167612127,"2001","verejna_silnicni_autobusy","PAH","kg"
13.693655584192358,"2002","verejna_silnicni_autobusy","PAH","kg"
14.032583986145944,"2003","verejna_silnicni_autobusy","PAH","kg"
13.74579583353777,"2004","verejna_silnicni_autobusy","PAH","kg"
14.69871913473896,"2005","verejna_silnicni_autobusy","PAH","kg"
14.924542555763004,"2006","verejna_silnicni_autobusy","PAH","kg"
15.299504601263527,"2007","verejna_silnicni_autobusy","PAH","kg"
16.249345770779602,"2008","verejna_silnicni_autobusy","PAH","kg"
16.767953928923667,"2009","verejna_silnicni_autobusy","PAH","kg"
16.944571946173,"2010","verejna_silnicni_autobusy","PAH","kg"
17.1714336560873,"2011","verejna_silnicni_autobusy","PAH","kg"
17.38345528798371,"2012","verejna_silnicni_autobusy","PAH","kg"
16.173673239243943,"2013","verejna_silnicni_autobusy","PAH","kg"
17.890653824564833,"2014","verejna_silnicni_autobusy","PAH","kg"
16.833354717981102,"2015","verejna_silnicni_autobusy","PAH","kg"
16.219374687237412,"2016","verejna_silnicni_autobusy","PAH","kg"
15.606503630412863,"2017","verejna_silnicni_autobusy","PAH","kg"
14.04066138700681,"2018","verejna_silnicni_autobusy","PAH","kg"
83.53096568359433,"2000","silnicni_nakladni","PAH","kg"
94.85382856665092,"2001","silnicni_nakladni","PAH","kg"
103.96515333209766,"2002","silnicni_nakladni","PAH","kg"
120.85026723651055,"2003","silnicni_nakladni","PAH","kg"
133.573305070427,"2004","silnicni_nakladni","PAH","kg"
155.7324044807264,"2005","silnicni_nakladni","PAH","kg"
171.29269237467742,"2006","silnicni_nakladni","PAH","kg"
181.97352680002254,"2007","silnicni_nakladni","PAH","kg"
193.0038431957373,"2008","silnicni_nakladni","PAH","kg"
185.30646827335104,"2009","silnicni_nakladni","PAH","kg"
174.52159738237728,"2010","silnicni_nakladni","PAH","kg"
174.33321110463245,"2011","silnicni_nakladni","PAH","kg"
174.41132038202184,"2012","silnicni_nakladni","PAH","kg"
172.85101489224226,"2013","silnicni_nakladni","PAH","kg"
178.72012070713643,"2014","silnicni_nakladni","PAH","kg"
185.15644587612297,"2015","silnicni_nakladni","PAH","kg"
189.24443423062158,"2016","silnicni_nakladni","PAH","kg"
190.16853430910152,"2017","silnicni_nakladni","PAH","kg"
186.56003886887132,"2018","silnicni_nakladni","PAH","kg"
4.275903353553716,"2000","motocykly","PAH","kg"
4.2482758174473805,"2001","motocykly","PAH","kg"
3.975660493443157,"2002","motocykly","PAH","kg"
3.9539749905401105,"2003","motocykly","PAH","kg"
3.5892950722436567,"2004","motocykly","PAH","kg"
2.921904040811181,"2005","motocykly","PAH","kg"
2.708733666183297,"2006","motocykly","PAH","kg"
2.8927447674473257,"2007","motocykly","PAH","kg"
2.9541076601442815,"2008","motocykly","PAH","kg"
3.0532391560232695,"2009","motocykly","PAH","kg"
2.7293820102158124,"2010","motocykly","PAH","kg"
2.7468597071768732,"2011","motocykly","PAH","kg"
2.6036570857416983,"2012","motocykly","PAH","kg"
2.0006453261179495,"2013","motocykly","PAH","kg"
1.5765024541191304,"2014","motocykly","PAH","kg"
1.190170741756218,"2015","motocykly","PAH","kg"
0.938804029913587,"2016","motocykly","PAH","kg"
0.7635863894771528,"2017","motocykly","PAH","kg"
0.6317771741135749,"2018","motocykly","PAH","kg"
0.100152,"2000","zeleznicni_motorova_trakce","PAH","kg"
0.093411,"2001","zeleznicni_motorova_trakce","PAH","kg"
0.090522,"2002","zeleznicni_motorova_trakce","PAH","kg"
0.088596,"2003","zeleznicni_motorova_trakce","PAH","kg"
0.087633,"2004","zeleznicni_motorova_trakce","PAH","kg"
0.088596,"2005","zeleznicni_motorova_trakce","PAH","kg"
0.092448,"2006","zeleznicni_motorova_trakce","PAH","kg"
0.091485,"2007","zeleznicni_motorova_trakce","PAH","kg"
0.101115,"2008","zeleznicni_motorova_trakce","PAH","kg"
0.091485,"2009","zeleznicni_motorova_trakce","PAH","kg"
0.088596,"2010","zeleznicni_motorova_trakce","PAH","kg"
0.08667,"2011","zeleznicni_motorova_trakce","PAH","kg"
0.083781,"2012","zeleznicni_motorova_trakce","PAH","kg"
0.081855,"2013","zeleznicni_motorova_trakce","PAH","kg"
0.082818,"2014","zeleznicni_motorova_trakce","PAH","kg"
0.080892,"2015","zeleznicni_motorova_trakce","PAH","kg"
0.081855,"2016","zeleznicni_motorova_trakce","PAH","kg"
0.083781,"2017","zeleznicni_motorova_trakce","PAH","kg"
0.085707,"2018","zeleznicni_motorova_trakce","PAH","kg"
0.004815,"2000","vodni","PAH","kg"
0.007704,"2001","vodni","PAH","kg"
0.003852,"2002","vodni","PAH","kg"
0.003852,"2003","vodni","PAH","kg"
0.005778,"2004","vodni","PAH","kg"
0.004815,"2005","vodni","PAH","kg"
0.005778,"2006","vodni","PAH","kg"
0.004815,"2007","vodni","PAH","kg"
0.003852,"2008","vodni","PAH","kg"
0.004815,"2009","vodni","PAH","kg"
0.003852,"2010","vodni","PAH","kg"
0.002889,"2011","vodni","PAH","kg"
0.004815,"2012","vodni","PAH","kg"
0.001926,"2013","vodni","PAH","kg"
0.002889,"2014","vodni","PAH","kg"
0.002889,"2015","vodni","PAH","kg"
0.003852,"2016","vodni","PAH","kg"
0.003852,"2017","vodni","PAH","kg"
0.002889,"2018","vodni","PAH","kg"
0,"2000","letecka","PAH","kg"
0,"2001","letecka","PAH","kg"
0,"2002","letecka","PAH","kg"
0,"2003","letecka","PAH","kg"
0,"2004","letecka","PAH","kg"
0,"2005","letecka","PAH","kg"
0,"2006","letecka","PAH","kg"
0,"2007","letecka","PAH","kg"
0,"2008","letecka","PAH","kg"
0,"2009","letecka","PAH","kg"
0,"2010","letecka","PAH","kg"
0,"2011","letecka","PAH","kg"
0,"2012","letecka","PAH","kg"
0,"2013","letecka","PAH","kg"
0,"2014","letecka","PAH","kg"
0,"2015","letecka","PAH","kg"
0,"2016","letecka","PAH","kg"
0,"2017","letecka","PAH","kg"
0,"2018","letecka","PAH","kg"
